Model,MAE,R2
RandomForestRegressor_Incidence,27363.494160659455,0.9960017360837543
XGBRegressor_Incidence,94422.32410541871,0.9824972569600903
RandomForestRegressor_Mortality,13838.18482918411,0.9967942139548321
XGBRegressor_Mortality,50809.46324004582,0.9781621043425205
